person_name,user_name,email,personal_number,birth_date,address,phone,mac_address,ip_address,iban,accessed_at,session_duration,download_speed,upload_speed,consumed_traffic,unique_id
José Manuél Heredia Santacruz,josémanuélherediasantacruz,josémanuélherediasantacruz@hotmail.com,28979057651,1942-06-10,"Continuación Francia 276 494, San Mayte los altos, COAH 76619",1-219-417-6960x506,12:87:fa:9a:11:0d,28.215.33.131,GB33BDIK5637218877095,2025-09-05 09:54:57,1859,274,351,680740,23fdf863-6929-4c0e-a1cf-3e809a80c909
Ing. Mateo Sisneros,ing.mateosisneros,ing.mateosisneros@yahoo.com,98559139591,1939-05-10,"Retorno Jalisco 807 405, Vieja Colombia, Q. ROO 93225",172.653.4201x710,52:d6:67:33:33:04,69.31.79.177,GB52LLPV3491355093210,2025-01-29 03:06:11,16533,896,240,988577,2364e80e-d4ce-4ff2-b502-6956677887c2
Marisela Vaca,mariselavaca,mariselavaca@hotmail.com,99208729030,1911-06-27,"Circuito Belice 931 Interior 954, Vieja República Democrática Popular Lao, NAY 81618-9045",+43(0)9019629727,d8:d2:d6:05:d6:48,171.89.57.63,GB05AXTY3963716083481,2024-12-21 03:05:55,1959,326,377,106881,2105ebe8-d92c-4d95-aa70-e8fd03aab906
Raquel Magdalena de Anda,raquelmagdalenadeanda,raquelmagdalenadeanda@gmail.com,65941180351,1957-01-29,"Pasaje Malta 332 666, San Victoria los altos, SIN 67347-7504",09556268483,66:ef:04:d0:84:4f,75.38.143.168,GB09ZYQF2555826810469,2025-01-08 15:06:14,30194,508,475,1126869,55752076-2af9-413c-84c9-35b46623f5ba
Jonás Camilo Soto Lugo,jonáscamilosotolugo,jonáscamilosotolugo@yahoo.com,16233684931,2016-02-25,"Cerrada Baja California Sur 125 Interior 599, San Raúl los altos, SON 05133-3378",1-828-069-7778x2236,90:1f:75:d8:f2:86,135.156.113.213,GB03YMSJ5458997255561,2025-05-31 21:42:41,17169,151,462,805213,81eabe2b-6619-49d0-ba49-0b98ad41ac24
María Cristina Saldivar Moya,maríacristinasaldivarmoya,maríacristinasaldivarmoya@yahoo.com,87334118160,1915-04-07,"Boulevard Aguascalientes 293 Interior 416, Vieja España, AGS 04738-2864",785-028-6073,6c:66:2c:4d:39:ab,48.56.191.166,GB55JINU3885960078228,2024-09-28 17:18:07,31939,700,660,753977,2614f4a5-184d-40ea-bb7d-1a8c58289f6e
Francisca Blanca de Anda,franciscablancadeanda,franciscablancadeanda@hotmail.com,19134378967,1992-12-11,"Calle Sur Torres 057 Interior 217, San Timoteo los bajos, JAL 94966-7582",105-470-9568x05295,2c:4e:ef:f6:60:99,125.2.24.47,GB84CIPG0049373552466,2025-06-08 20:03:02,32924,126,37,1241461,7b2fab87-a600-4977-8e1c-c9a00a3ff09a
Dr. Olivia Casillas,dr.oliviacasillas,dr.oliviacasillas@yahoo.com,90996366101,1997-08-11,"Andador Norte Gaitán 729 Edif. 640 , Depto. 120, Nueva Bosnia y Herzegovina, HGO 41672-9997",010-273-9154,ca:39:8c:c4:d3:f2,16.193.237.74,GB50YPVU0884501900643,2025-01-31 20:02:45,13259,650,627,20393,69a2dbee-2efc-4ea8-957e-f6f7f985eafa
Héctor Otero Crespo,héctoroterocrespo,héctoroterocrespo@hotmail.com,83441865363,1930-04-28,"Continuación Filipinas 212 Interior 136, Vieja Gambia, JAL 02179-4465",521-441-8288x73823,1a:28:41:4a:6c:12,214.55.100.77,GB72IFFM8614730204772,2025-07-05 07:43:38,34309,20,446,744766,c30c1725-653d-48c6-bcdc-2912bf5a8632
Bernardo Bravo,bernardobravo,bernardobravo@gmail.com,94532136648,1965-05-21,"Eje vial Prado 100 786, Vieja Santa Lucía, QRO 14018-6907",(814)590-6888x98450,dc:44:71:5b:52:d8,23.152.136.193,GB65KLRW8713822407810,2025-06-01 01:45:06,9319,454,124,1938904,abdf73b2-de7d-4227-8c95-72a5f0205160
Reina Arcelia Nazario Narváez,reinaarcelianazarionarváez,reinaarcelianazarionarváez@hotmail.com,40280296456,1960-03-08,"Peatonal Morelos 641 Interior 066, San Benito los bajos, MOR 08132",1-933-660-8396x7139,84:14:d1:4f:f7:7b,180.10.79.126,GB30CRUD5091252172810,2025-08-06 17:39:30,14487,124,104,1746526,e89d948f-eeeb-4765-92a9-b6abcd324b7f
Lic. Luisa Salcedo,lic.luisasalcedo,lic.luisasalcedo@gmail.com,15088487069,1929-11-22,"Boulevard Sáenz 229 Interior 479, Nueva República Centroafricana, GTO 42905",1-403-810-6481x612,8a:72:4d:e9:59:fc,114.8.141.50,GB11MQYF9224584227024,2025-04-08 21:12:38,17966,874,444,1215172,34003489-ecde-44e4-8563-a722e39648a0
Sergio Villalobos,sergiovillalobos,sergiovillalobos@yahoo.com,10398350362,1972-06-06,"Pasaje Pakistán 522 Interior 675, San Asunción los bajos, BC 63950",690-906-4006,92:8e:28:78:47:20,99.47.78.61,GB34EUGN4019293547620,2025-08-08 20:10:11,34129,801,110,1348561,fd438122-6706-4ea1-8bc0-29c583d5df81
Dr. Zoé Vega,dr.zoévega,dr.zoévega@hotmail.com,22053858530,1925-04-14,"Eje vial Puebla 171 013, Vieja Ucrania, BCS 85607",(629)652-7476,88:01:df:ee:3e:83,99.53.101.94,GB84FLVS6480612851417,2024-11-06 10:51:15,3888,266,352,1920404,f6910892-5fb7-4982-af4a-16f3a11ee325
Itzel Lilia Tamez Briones,itzelliliatamezbriones,itzelliliatamezbriones@hotmail.com,72891913658,1947-08-24,"Prolongación Cuba 831 Interior 312, San Emilio los altos, CHIS 37181-5877",07707167182,02:fb:17:04:c8:4b,9.112.183.9,GB20NOGJ1853381079082,2025-03-05 02:08:57,12345,899,160,1477472,17113bfc-64a9-4676-910b-bb1a57d48800
Federico Julio Valle,federicojuliovalle,federicojuliovalle@hotmail.com,70442043744,1951-03-11,"Circunvalación México 697 Edif. 446 , Depto. 604, San Rodrigo de la Montaña, HGO 48694",(484)874-9285x666,10:e9:42:9e:f4:8e,111.199.172.85,GB90TYIU1083557169711,2025-04-29 19:50:40,20542,528,202,1228373,6068f805-4e68-4787-a9a1-bce81b212c37
Noemí Omar Palacios Nava,noemíomarpalaciosnava,noemíomarpalaciosnava@hotmail.com,5722987004,2006-12-05,"Periférico Tonga 424 Edif. 917 , Depto. 809, San Angélica los bajos, DGO 80078-5238",1-975-848-3967x6207,f4:bf:de:f2:3c:70,9.134.171.44,GB52SNKX5273746969852,2025-09-02 19:40:51,6708,900,740,1499371,718db889-fd2e-41af-b1ce-5fde0661e0dd
Karina Lerma,karinalerma,karinalerma@hotmail.com,32395014007,2022-04-13,"Prolongación Cornejo 095 407, Vieja Fiji, SLP 46053",(619)048-8833,10:c8:c8:2d:1c:c2,217.222.156.1,GB23MYSO0839959173259,2024-12-26 09:30:18,26199,230,421,1894456,883872e2-cec1-42e8-8e55-0d56aee09c02
Mariana de la Garza Guillen,marianadelagarzaguillen,marianadelagarzaguillen@hotmail.com,5702165670,1930-06-02,"Continuación Cabo Verde 402 Edif. 142 , Depto. 923, San Conchita de la Montaña, PUE 45751",1-462-400-6229,2a:68:fa:91:89:1c,116.111.248.20,GB31FVBZ5648139816051,2025-06-15 05:07:46,7904,225,384,1217321,43d26d57-02d9-46d7-8996-fa2b8c653ec5
José Alicia Tamayo,joséaliciatamayo,joséaliciatamayo@yahoo.com,51833937439,1933-12-13,"Continuación Norte Longoria 828 933, Vieja Ghana, MICH 76438-4065",04647092174,24:6f:9f:6c:27:77,72.229.230.170,GB14FUNC4302614038607,2025-06-08 12:28:55,5388,792,613,1777356,b0e530cb-e64c-4e6a-a280-75e57e6381c9
Natalia Hernán Dávila,nataliahernándávila,nataliahernándávila@yahoo.com,82646629970,2006-11-24,"Andador México 504 572, San Iván de la Montaña, ZAC 94905-9658",1-852-674-8885x633,be:19:5f:5a:5b:8e,148.58.148.250,GB84INGQ9643576435025,2025-06-28 04:11:18,17705,276,130,1237007,727bf81c-9870-4781-a8e5-3675623c3486
Lic. Cecilia Montes,lic.ceciliamontes,lic.ceciliamontes@gmail.com,36090090972,1941-05-12,"Viaducto Quintana Roo 271 Edif. 946 , Depto. 037, Nueva Uruguay, DGO 21256",697.700.0024x064,3c:27:34:a1:03:94,102.176.78.159,GB02ZEXZ5494028603350,2024-11-13 20:57:43,731,827,515,7825,14b9e0ba-21cc-45a4-9747-2eadecabf8a7
Salma Camacho,salmacamacho,salmacamacho@yahoo.com,7367714354,2020-03-22,"Circuito Marroquín 335 847, Nueva Nueva Zelandia, OAX 50906",918-628-5689x967,98:fa:74:57:6f:fc,158.239.102.96,GB92VPGB7960182190523,2025-01-25 17:43:10,34325,164,434,1577662,505ec390-03ee-4f3c-aa16-1c09b30e7d78
Miguel Montalvo,miguelmontalvo,miguelmontalvo@yahoo.com,91627247439,1992-12-07,"Diagonal Alcaraz 879 Interior 522, San Cynthia los bajos, CHIS 14841",1-814-351-1185x582,fa:71:04:cc:c9:8f,208.137.221.127,GB04DTBF1687187890282,2025-04-18 21:21:21,26955,935,29,1392126,f1ae943f-d5ed-4208-b7c5-e8aaf2515388
Renato Niño Nazario,renatoniñonazario,renatoniñonazario@hotmail.com,66740434874,1965-01-01,"Pasaje Grecia 699 Edif. 333 , Depto. 549, Nueva Saint Kitts y Nevis, JAL 22747-2793",1-291-404-4437x7893,2a:4d:1e:60:53:31,15.188.178.124,GB46WYKT5049685886550,2025-03-01 11:42:11,33912,238,254,1145657,adff0448-437b-4dfd-8681-ce446e048f1e
César Leticia de Anda,césarleticiadeanda,césarleticiadeanda@yahoo.com,42461886287,2011-05-07,"Calzada Norte Jaramillo 067 Edif. 904 , Depto. 950, San David los altos, GTO 99458",01292145550,68:61:61:25:d3:ab,124.243.6.232,GB16RCKJ1551621212742,2024-11-27 19:47:15,32083,501,317,1569370,737220f9-b359-44b7-b52b-04918656cb51
Mtro. Ana María Palacios,mtro.anamaríapalacios,mtro.anamaríapalacios@yahoo.com,61157791056,1923-08-01,"Prolongación Baja California 471 Edif. 909 , Depto. 521, San Ana de la Montaña, NL 98989",395-017-5542x97642,30:ee:21:49:fe:58,30.11.23.3,GB64UKZK7942437020429,2025-02-17 22:46:59,32332,544,360,1420415,aaa879ed-b9c3-4d94-bddc-b6169f4499e6
Estela Valenzuela,estelavalenzuela,estelavalenzuela@hotmail.com,56800636815,1931-01-09,"Boulevard Brasil 137 Edif. 327 , Depto. 981, Vieja Sierra Leona, HGO 32439-2065",275.695.6561,a8:c5:1c:56:32:98,69.219.90.251,GB46GSWH6604538737976,2025-09-12 05:45:15,31800,739,189,1213249,b7084da3-ac13-4852-888a-cd22204f81d8
Martín Mitzy Uribe de la Torre,martínmitzyuribedelatorre,martínmitzyuribedelatorre@hotmail.com,85637090193,2019-08-09,"Callejón Sonora 409 681, San Renato los altos, SLP 82946-0806",243.156.1244,9e:44:9d:a5:47:a9,166.92.152.173,GB78ZTGU8817820956475,2025-06-03 10:01:25,3153,147,691,1892891,7205b880-57fb-4fe7-82fa-6ef8d4d4c875
Wilfrido Zúñiga Solís,wilfridozúñigasolís,wilfridozúñigasolís@yahoo.com,82428045080,1961-08-21,"Continuación Santa Lucía 475 Interior 826, Nueva Comoras, TLAX 59550",(223)268-6618x78575,14:0b:b3:6d:90:82,57.222.206.16,GB41QGIR3824454689247,2024-10-26 16:12:51,33440,169,297,1738791,c015089b-ffb0-4349-a6b0-61c7ba576133
Alicia Alejandro Dávila Guillen,aliciaalejandrodávilaguillen,aliciaalejandrodávilaguillen@hotmail.com,7607481632,1953-06-01,"Ampliación Holguín 717 650, San Esther los altos, CHIS 41848",(120)661-0490,ee:86:e7:a5:1c:7b,47.249.237.211,GB88BCLB0450352480075,2025-05-16 04:22:40,4609,749,49,1372495,9403202a-28ab-4825-b60a-f9f6a5bf2c34
María Elena José María León Nava,maríaelenajosémaríaleónnava,maríaelenajosémaríaleónnava@yahoo.com,88846154081,1980-08-20,"Circuito Norte Barrera 791 Edif. 863 , Depto. 239, San Alicia de la Montaña, MEX 33954",620-482-4551x250,c0:a6:31:ff:2e:16,195.192.251.184,GB59XEXT4159776452072,2025-08-29 15:05:17,20784,58,176,1016024,de279905-2e6e-477d-b999-d3169eb9bf31
Nicolás Luisa Vera,nicolásluisavera,nicolásluisavera@gmail.com,77380540946,1999-04-30,"Continuación León 090 Edif. 161 , Depto. 435, San Mauro los altos, NAY 60672",1-656-293-4686x69440,ec:91:f2:6c:18:f8,15.7.13.55,GB09THOW6899487214184,2024-10-20 13:37:50,12281,406,366,1232715,13f03d1f-6812-4c9d-94bc-299bcb5552a5
Dr. Juan Rivas,dr.juanrivas,dr.juanrivas@hotmail.com,13686401442,1921-11-03,"Prolongación Brasil 735 002, Nueva Andorra, DF 87133",09061675041,d4:57:4e:a3:3b:cb,49.206.110.39,GB03DQCS2900919762335,2025-08-07 13:40:58,19018,76,194,1112192,558dce7a-7d5a-424a-aa2e-b62d05eaed4c
Dr. Isabel Centeno,dr.isabelcenteno,dr.isabelcenteno@hotmail.com,81562999581,2006-02-23,"Cerrada Brito 533 Interior 870, San Marcela de la Montaña, HGO 96494",(368)909-8071x21655,cc:56:51:e9:d4:e1,157.62.60.18,GB77XHOD1735389700441,2025-03-09 02:27:23,13258,335,15,1796803,456bbf83-f453-45da-a83e-98b9e1dafce9
Germán Vaca Lebrón,germánvacalebrón,germánvacalebrón@yahoo.com,13336171080,2011-04-07,"Calle Aguascalientes 456 902, San Mauro los bajos, SIN 21672-9901",(519)975-3344x24528,30:aa:e6:a2:2d:49,30.197.124.124,GB13KAIV0880281342671,2025-03-02 14:53:30,7504,998,766,867304,dce89950-735a-45ba-ad9d-0bae634f176c
Liliana Esparta Griego Ybarra,lilianaespartagriegoybarra,lilianaespartagriegoybarra@yahoo.com,2578874568,2009-08-04,"Diagonal Islas Salomón 961 Interior 905, Vieja Namibia, ZAC 65094-6879",(489)331-2559x847,d4:e7:09:b5:06:3d,101.219.219.148,GB94SLKA4978511162750,2025-04-28 17:36:17,15770,415,229,1438199,bb26ab59-6562-4431-8d29-027da05d382f
Marcela Serrano Bonilla,marcelaserranobonilla,marcelaserranobonilla@hotmail.com,23972027330,1983-01-02,"Privada Coahuila de Zaragoza 039 Edif. 477 , Depto. 652, San Sara de la Montaña, MICH 62876-1844",+92(9)1061501607,00:1b:ee:23:18:cb,70.149.7.206,GB07AZGN1330223806006,2025-06-05 09:27:50,10113,474,397,785519,fadd321a-97a3-4783-944e-8870f955741f
Pascual Fernando Reséndez,pascualfernandoreséndez,pascualfernandoreséndez@yahoo.com,70741808649,1967-11-23,"Boulevard Pabón 665 Interior 019, San Sara los altos, COAH 94504-6310",1-610-335-9874,1a:3e:92:3a:b7:af,161.187.51.3,GB54ASER6105837701897,2025-02-18 02:56:00,32015,444,1,861333,228a3bdd-b1df-4d41-94c5-28e3e851f2c1
Augusto Alva Palomino,augustoalvapalomino,augustoalvapalomino@gmail.com,3975344924,1978-04-28,"Andador Orozco 883 090, San Ariadna los bajos, MICH 12336-3101",726.837.1422,50:fd:1d:d5:22:38,53.218.96.53,GB49HGPR9043085199709,2025-07-30 10:48:04,8951,414,125,1772964,84b4c4d2-fd48-43bf-ae3d-acd87b204046
Federico Vallejo,federicovallejo,federicovallejo@yahoo.com,97223301546,1946-03-24,"Corredor Caballero 491 Interior 364, Nueva Liberia, CAMP 47593",1-463-181-9331x987,20:71:99:4f:65:5a,103.243.106.169,GB31JCQK8837332069984,2025-03-10 22:23:37,11086,993,617,18333,51c38390-c57f-4478-abb6-ea0ca448df72
Elena Clara Farías Leyva,elenaclarafaríasleyva,elenaclarafaríasleyva@gmail.com,35240911103,1990-07-30,"Diagonal Yucatán 609 Edif. 943 , Depto. 737, San Reynaldo de la Montaña, TAB 52727",+48(9)7264293320,0a:25:eb:0d:e3:11,183.63.237.78,GB41BTJH4016140023218,2025-08-18 18:45:26,11538,449,413,1195469,546c5f00-1fdb-47da-a9c2-93f2582b88c4
Leonardo Villagómez Godínez,leonardovillagómezgodínez,leonardovillagómezgodínez@hotmail.com,13495829262,1922-12-16,"Prolongación Sur Puga 047 595, Vieja Emiratos Árabes Unidos, DGO 63170",408-179-8956,c6:00:d4:9e:36:1d,113.240.237.247,GB07BTOM9837788348798,2024-11-05 15:18:40,21283,532,58,252158,1b6235ba-8a5f-4ca3-8aac-e61721056c75
Darío Peña Guillen,daríopeñaguillen,daríopeñaguillen@yahoo.com,7907836246,1998-12-15,"Diagonal Iglesias 061 Interior 040, Nueva Kazajstán, AGS 20211",427.410.6459,88:45:ad:49:c8:38,43.146.172.110,GB80OTCG3657642548278,2024-10-16 11:49:32,24326,311,572,545984,07ad4186-e16d-4deb-a4b1-6c9f97b1898a
José Luis Isabela Mayorga Loera,joséluisisabelamayorgaloera,joséluisisabelamayorgaloera@gmail.com,57520734070,1995-07-05,"Calle Norte Armas 648 Interior 884, San Gabriela los bajos, HGO 80478-4429",392.247.5281,b0:60:96:b9:a1:c2,17.228.238.155,GB90GAMJ6999794025754,2025-09-19 20:21:20,10005,636,198,1286037,991f02fd-c696-4040-847a-5b8ed5ea96b3
Fernando Sauceda Valverde,fernandosaucedavalverde,fernandosaucedavalverde@hotmail.com,90819544405,2018-12-19,"Boulevard Armenia 469 206, Vieja Noruega, TAMPS 19091",202.022.0991x7139,de:33:8f:1e:d6:00,135.32.156.131,GB68AJCM9802263510181,2024-12-17 05:32:10,31590,528,404,840797,aef73974-1282-4a2d-9598-f08f2435d9ac
Rafaél Cristal Quintanilla Leal,rafaélcristalquintanillaleal,rafaélcristalquintanillaleal@yahoo.com,35440168298,1914-01-23,"Circuito Etiopía 629 Edif. 052 , Depto. 240, San Daniel los altos, COL 95811-4280",(334)879-6864x0946,36:5d:fa:37:07:6c,25.171.115.183,GB59QKUK8969581117515,2024-09-26 22:15:56,2990,379,178,533313,d1418fd4-68f2-451f-863b-db34cdcd5513
Lic. Dulce Hernádez,lic.dulcehernádez,lic.dulcehernádez@hotmail.com,7191886915,1979-06-22,"Circuito Sur Mesa 781 Interior 904, San Marisol de la Montaña, COAH 66670-3143",(503)164-4449x170,3e:1f:c2:a0:21:52,172.63.121.87,GB30KFTC8927488381326,2025-04-05 03:07:48,1186,582,211,586121,11970177-fc06-4cc5-9e69-256750a8c613
Esparta Salcedo Collazo,espartasalcedocollazo,espartasalcedocollazo@yahoo.com,87883327006,2001-04-24,"Diagonal Oaxaca 279 406, San Leonor los altos, HGO 03346",(030)649-0710x06354,08:06:80:7c:bb:4c,168.35.84.238,GB41HKGQ9752594220375,2025-07-18 07:54:25,11031,803,201,558312,05cd4499-7f96-4c10-9629-34b64bfb11df
Víctor Villanueva Rael,víctorvillanuevarael,víctorvillanuevarael@yahoo.com,49707608565,2017-10-18,"Boulevard Alemania 086 558, San José los bajos, COL 96639",09354869400,1c:ee:af:86:d9:cc,203.51.239.65,GB48PVBQ6848348160592,2025-08-24 00:58:55,14617,498,298,816514,afad468a-a390-4502-822e-28483932a0a5
